{
  "version": "2020.1",
  "applications": [],
  "platforms": [],
  "systems": [
    {
      "name": "cholesky_system",
      "platform": "/proj/xbuilds/CustTA/2020.1_0528_2016/xbb/dsadev/opt/xilinx/platforms/xilinx_u50_gen3x16_xdma_201920_3/xilinx_u50_gen3x16_xdma_201920_3.xpfm",
      "sysConfig": "config0_0",
      "applications": [
        {
          "name": "cholesky",
          "platform": "/proj/xbuilds/CustTA/2020.1_0528_2016/xbb/dsadev/opt/xilinx/platforms/xilinx_u50_gen3x16_xdma_201920_3/xilinx_u50_gen3x16_xdma_201920_3.xpfm",
          "platformPath": "/proj/xbuilds/Platforms/u50-gen3x16_xdma-xilinx-u50-gen3x16-xdma-dev/Asynchronous/0504_1622/output/xbb/dsadev/opt/xilinx/platforms/xilinx_u50_gen3x16_xdma_201920_3",
          "sysConfig": "config0_0",
          "domain": "x86",
          "system": "cholesky_system"
        }
      ],
      "platformPath": "/proj/xbuilds/Platforms/u50-gen3x16_xdma-xilinx-u50-gen3x16-xdma-dev/Asynchronous/0504_1622/output/xbb/dsadev/opt/xilinx/platforms/xilinx_u50_gen3x16_xdma_201920_3"
    }
  ],
  "others": []
}