{
  "version": "2020.2",
  "applications": [],
  "platforms": [],
  "systems": [
    {
      "name": "dsplib_tutorial_part_2_system",
      "platform": "/proj/xbuilds/CustTA/2020.2_1119_1059/internal_platforms/xilinx_vck190_es1_base_202020_1/xilinx_vck190_es1_base_202020_1.xpfm",
      "sysConfig": "xilinx_vck190_es1_base_202020_1",
      "buildConfig": "Emulation-HW",
      "applications": [
        {
          "name": "dsplib_tutorial_part_2_system_hw_link",
          "platform": "/proj/xbuilds/CustTA/2020.2_1119_1059/internal_platforms/xilinx_vck190_es1_base_202020_1/xilinx_vck190_es1_base_202020_1.xpfm",
          "sysConfig": "xilinx_vck190_es1_base_202020_1",
          "domain": "pl",
          "system": "dsplib_tutorial_part_2_system"
        },
        {
          "name": "dsplib_tutorial_part_2",
          "platform": "/proj/xbuilds/CustTA/2020.2_1119_1059/internal_platforms/xilinx_vck190_es1_base_202020_1/xilinx_vck190_es1_base_202020_1.xpfm",
          "sysConfig": "xilinx_vck190_es1_base_202020_1",
          "domain": "aiengine",
          "system": "dsplib_tutorial_part_2_system"
        }
      ]
    }
  ],
  "others": []
}