{
  "version": "2021.1",
  "applications": [],
  "platforms": [],
  "systems": [
    {
      "name": "dsplib_tutorial_part_1_system",
      "platform": "/proj/xbuilds/CustTA/2021.1_0611_0245/internal_platforms/xilinx_vck190_base_202110_1/xilinx_vck190_base_202110_1.xpfm",
      "sysConfig": "xilinx_vck190_base_202110_1",
      "buildConfig": "Emulation-HW",
      "applications": [
        {
          "name": "dsplib_tutorial_part_1_system_hw_link",
          "platform": "/proj/xbuilds/CustTA/2021.1_0611_0245/internal_platforms/xilinx_vck190_base_202110_1/xilinx_vck190_base_202110_1.xpfm",
          "platformPath": "/proj/xbuilds/XRT_EMBEDDED/2021.1/xilinx_vck190_base_202110_1/2021.1_0610_0430/packages/output/internal_platforms/xilinx_vck190_base_202110_1",
          "sysConfig": "Linux on x86",
          "domain": "pl",
          "system": "dsplib_tutorial_part_1_system"
        },
        {
          "name": "dsplib_tutorial_part_1",
          "platform": "/proj/xbuilds/CustTA/2021.1_0611_0245/internal_platforms/xilinx_vck190_base_202110_1/xilinx_vck190_base_202110_1.xpfm",
          "platformPath": "/proj/xbuilds/XRT_EMBEDDED/2021.1/xilinx_vck190_base_202110_1/2021.1_0610_0430/packages/output/internal_platforms/xilinx_vck190_base_202110_1",
          "sysConfig": "xilinx_vck190_base_202110_1",
          "domain": "aiengine",
          "system": "dsplib_tutorial_part_1_system"
        }
      ],
      "platformPath": "/proj/xbuilds/XRT_EMBEDDED/2021.1/xilinx_vck190_base_202110_1/2021.1_0610_0430/packages/output/internal_platforms/xilinx_vck190_base_202110_1"
    }
  ],
  "others": []
}