{
  "version": "2020.2",
  "applications": [],
  "platforms": [],
  "systems": [
    {
      "name": "dsplib_tutorial_part_1_system",
      "platform": "/proj/xbuilds/CustTA/2020.2_1118_1828/internal_platforms/xilinx_vck190_base_202020_1/xilinx_vck190_base_202020_1.xpfm",
      "sysConfig": "xilinx_vck190_base_202020_1",
      "buildConfig": "Emulation-HW",
      "applications": [
        {
          "name": "dsplib_tutorial_part_1_system_hw_link",
          "platform": "/proj/xbuilds/CustTA/2020.2_1118_1828/internal_platforms/xilinx_vck190_base_202020_1/xilinx_vck190_base_202020_1.xpfm",
          "platformPath": "/proj/xbuilds/XRT_EMBEDDED/2020.2/xilinx_vck190_base_202020_1/2020.2_1118_0430/packages/output/internal_platforms/xilinx_vck190_base_202020_1",
          "sysConfig": "xilinx_vck190_base_202020_1",
          "domain": "pl",
          "system": "dsplib_tutorial_part_1_system"
        },
        {
          "name": "dsplib_tutorial_part_1",
          "platform": "/proj/xbuilds/CustTA/2020.2_1118_1828/internal_platforms/xilinx_vck190_base_202020_1/xilinx_vck190_base_202020_1.xpfm",
          "platformPath": "/proj/xbuilds/XRT_EMBEDDED/2020.2/xilinx_vck190_base_202020_1/2020.2_1118_0430/packages/output/internal_platforms/xilinx_vck190_base_202020_1",
          "sysConfig": "xilinx_vck190_base_202020_1",
          "domain": "aiengine",
          "system": "dsplib_tutorial_part_1_system"
        }
      ],
      "platformPath": "/proj/xbuilds/XRT_EMBEDDED/2020.2/xilinx_vck190_base_202020_1/2020.2_1118_0430/packages/output/internal_platforms/xilinx_vck190_base_202020_1"
    }
  ],
  "others": []
}