{
  "version": "2018.2.xdf",
  "applications": [],
  "platforms": [],
  "systems": [
    {
      "name": "Prj_5_Pipes_system",
      "platform": "/proj/xbuilds/2018.2_0925_1753/internal_platforms/xilinx_u200_xdma_201820_2/xilinx_u200_xdma_201820_2.xpfm",
      "sysConfig": "config0_0",
      "applications": [
        {
          "name": "Prj_5_Pipes",
          "platform": "/proj/xbuilds/2018.2_0925_1753/internal_platforms/xilinx_u200_xdma_201820_2/xilinx_u200_xdma_201820_2.xpfm",
          "platformPath": "/proj/xbuilds/2018.2_0925_1753/internal_platforms/xilinx_u200_xdma_201820_2",
          "sysConfig": "config0_0",
          "domain": "",
          "system": "Prj_5_Pipes_system"
        }
      ],
      "platformPath": "/proj/xbuilds/2018.2_0925_1753/internal_platforms/xilinx_u200_xdma_201820_2"
    }
  ],
  "others": []
}