{
  "version": "2021.2",
  "applications": [],
  "platforms": [],
  "systems": [
    {
      "name": "dsplib_tutorial_part_3_system",
      "platform": "/proj/xbuilds/CustTA/2021.2_2021_1004_0057_1/internal_platforms/xilinx_vck190_base_202120_1/xilinx_vck190_base_202120_1.xpfm",
      "sysConfig": "xilinx_vck190_base_202120_1",
      "buildConfig": "Emulation-HW",
      "applications": [
        {
          "name": "dsplib_tutorial_part_3_system_hw_link",
          "platform": "/proj/xbuilds/CustTA/2021.2_2021_1004_0057_1/internal_platforms/xilinx_vck190_base_202120_1/xilinx_vck190_base_202120_1.xpfm",
          "platformPath": "/proj/xbuilds/XRT_EMBEDDED/2021.2/xilinx_vck190_base_202120_1/2021.2_1002_1630/packages/output/internal_platforms/xilinx_vck190_base_202120_1",
          "sysConfig": "xilinx_vck190_base_202120_1",
          "domain": "pl",
          "system": "dsplib_tutorial_part_3_system"
        },
        {
          "name": "dsplib_tutorial_part_3",
          "platform": "/proj/xbuilds/CustTA/2021.2_2021_1004_0057_1/internal_platforms/xilinx_vck190_base_202120_1/xilinx_vck190_base_202120_1.xpfm",
          "platformPath": "/proj/xbuilds/XRT_EMBEDDED/2021.2/xilinx_vck190_base_202120_1/2021.2_1002_1630/packages/output/internal_platforms/xilinx_vck190_base_202120_1",
          "sysConfig": "xilinx_vck190_base_202120_1",
          "domain": "aiengine",
          "system": "dsplib_tutorial_part_3_system"
        }
      ],
      "platformPath": "/proj/xbuilds/XRT_EMBEDDED/2021.2/xilinx_vck190_base_202120_1/2021.2_1002_1630/packages/output/internal_platforms/xilinx_vck190_base_202120_1"
    }
  ],
  "others": []
}